model,accuracy_at_k,precision_at_k,recall_at_k,f1_score_at_k
IndoBERT,0.0,0.0,0.0,0.0
TF-IDF,0.13333333333333333,0.13333333333333333,0.16666666666666666,0.14814814814814817
